country,paper_count,avg_citation_count
US,170,1481.2176470588236
CA,20,1891.2
GB,16,1684.5
DE,11,3815.181818181818
IL,5,2073.2
FR,4,451.75
AU,4,2607.75
IT,3,2902.0
CH,3,683.6666666666666
NL,2,303.0
ES,2,6681.0
MX,2,1294.5
CN,2,4117.0
BE,2,767.0
KR,2,4079.0
TW,1,377.0
SG,1,567.0
AT,1,390.0
IS,1,656.0
IN,1,13125.0
FI,1,963.0
DK,1,2580.0
VG,1,17009.0
