lag_bin,paper_count,avg_citation_count
"(10, 15]",67,1548.089552238806
"(15, 20]",55,1624.8
"(20, 25]",8,389.625
"(25, 30]",8,2851.25
"(30, 40]",6,404.0
"(5, 10]",106,1261.3207547169811
